Grade 6;Computer Technology;Individually Paced;Introduction to Web Design;M or V
Grade 7;Computer Technology;Individually Paced;Introduction to Web Design;M or V
Grade 8;Computer Technology;Individually Paced;Introduction to Web Design;M or V
Grade 9;Computer Technology;Individually Paced;Introduction to Web Design;M or V
Grade 10;Computer Technology;Individually Paced;Introduction to Web Design;M or V
Grade 11;Computer Technology;Individually Paced;Introduction to Web Design;M or V
Grade 12;Computer Technology;Individually Paced;Introduction to Web Design;M or V
Grade 6;Computer Technology;Individually Paced;Scratch Programming;M 
Grade 6;Computer Technology;Individually Paced;Advanced Web Design New!;M or V
Grade 7;Computer Technology;Individually Paced;Advanced Web Design New!;M or V
Grade 8;Computer Technology;Individually Paced;Advanced Web Design New!;M or V
Grade 9;Computer Technology;Individually Paced;Advanced Web Design New!;M or V
Grade 10;Computer Technology;Individually Paced;Advanced Web Design New!;M or V
Grade 11;Computer Technology;Individually Paced;Advanced Web Design New!;M or V
Grade 12;Computer Technology;Individually Paced;Advanced Web Design New!;M or V
Grade 6;Computer Technology;Individually Paced;JavaScript;M or V
Grade 7;Computer Technology;Individually Paced;JavaScript;M or V
Grade 8;Computer Technology;Individually Paced;JavaScript;M or V
Grade 9;Computer Technology;Individually Paced;JavaScript;M or V
Grade 10;Computer Technology;Individually Paced;JavaScript;M or V
Grade 11;Computer Technology;Individually Paced;JavaScript;M or V
Grade 12;Computer Technology;Individually Paced;JavaScript;M or V
Grade 3;Engineering;Session-Based;Inventions in Engineering;M or V
Grade 4;Engineering;Session-Based;Inventions in Engineering;M or V
Grade 5;Engineering;Session-Based;Inventions in Engineering;M or V
Grade 2;Foreign Languages;Session-Based;Arabic for Elementary Students, Basic, Part I;M or V
Grade 3;Foreign Languages;Session-Based;Arabic for Elementary Students, Basic, Part I;M or V
Grade 4;Foreign Languages;Session-Based;Arabic for Elementary Students, Basic, Part I;M or V
Grade 5;Foreign Languages;Session-Based;Arabic for Elementary Students, Basic, Part I;M or V
Grade 6;Foreign Languages;Session-Based;Arabic for Elementary Students, Basic, Part I;M or V
Grade 2;Foreign Languages;Session-Based;Chinese for Elementary Students, Basic, Part I;M or V
Grade 3;Foreign Languages;Session-Based;Chinese for Elementary Students, Basic, Part I;M or V
Grade 4;Foreign Languages;Session-Based;Chinese for Elementary Students, Basic, Part I;M or V
Grade 5;Foreign Languages;Session-Based;Chinese for Elementary Students, Basic, Part I;M or V
Grade 6;Foreign Languages;Session-Based;Chinese for Elementary Students, Basic, Part I;M or V
Grade 2;Foreign Languages;Session-Based;Chinese for Elementary Students, Basic, Part II;M or V
Grade 3;Foreign Languages;Session-Based;Chinese for Elementary Students, Basic, Part II;M or V
Grade 4;Foreign Languages;Session-Based;Chinese for Elementary Students, Basic, Part II;M or V
Grade 5;Foreign Languages;Session-Based;Chinese for Elementary Students, Basic, Part II;M or V
Grade 6;Foreign Languages;Session-Based;Chinese for Elementary Students, Basic, Part II;M or V
Grade 2;Foreign Languages;Session-Based;Chinese for Elementary Students, Intermediate, Part I;M or V
Grade 3;Foreign Languages;Session-Based;Chinese for Elementary Students, Intermediate, Part I;M or V
Grade 4;Foreign Languages;Session-Based;Chinese for Elementary Students, Intermediate, Part I;M or V
Grade 5;Foreign Languages;Session-Based;Chinese for Elementary Students, Intermediate, Part I;M or V
Grade 6;Foreign Languages;Session-Based;Chinese for Elementary Students, Intermediate, Part I;M or V
Grade 2;Foreign Languages;Session-Based;Chinese for Elementary Students, Intermediate, Part II;M or V
Grade 3;Foreign Languages;Session-Based;Chinese for Elementary Students, Intermediate, Part II;M or V
Grade 4;Foreign Languages;Session-Based;Chinese for Elementary Students, Intermediate, Part II;M or V
Grade 5;Foreign Languages;Session-Based;Chinese for Elementary Students, Intermediate, Part II;M or V
Grade 6;Foreign Languages;Session-Based;Chinese for Elementary Students, Intermediate, Part II;M or V
Grade 2;Foreign Languages;Session-Based;Chinese for Elementary Students, Intermediate, Part III;M or V
Grade 3;Foreign Languages;Session-Based;Chinese for Elementary Students, Intermediate, Part III;M or V
Grade 4;Foreign Languages;Session-Based;Chinese for Elementary Students, Intermediate, Part III;M or V
Grade 5;Foreign Languages;Session-Based;Chinese for Elementary Students, Intermediate, Part III;M or V
Grade 6;Foreign Languages;Session-Based;Chinese for Elementary Students, Intermediate, Part III;M or V
Grade 2;Foreign Languages;Session-Based;Chinese for Elementary Students, Intermediate, Part IV;M or V
Grade 3;Foreign Languages;Session-Based;Chinese for Elementary Students, Intermediate, Part IV;M or V
Grade 4;Foreign Languages;Session-Based;Chinese for Elementary Students, Intermediate, Part IV;M or V
Grade 5;Foreign Languages;Session-Based;Chinese for Elementary Students, Intermediate, Part IV;M or V
Grade 6;Foreign Languages;Session-Based;Chinese for Elementary Students, Intermediate, Part IV;M or V
Grade 2;Foreign Languages;Session-Based;Spanish for Elementary Students, Basic, Part I;M or V
Grade 3;Foreign Languages;Session-Based;Spanish for Elementary Students, Basic, Part I;M or V
Grade 4;Foreign Languages;Session-Based;Spanish for Elementary Students, Basic, Part I;M or V
Grade 5;Foreign Languages;Session-Based;Spanish for Elementary Students, Basic, Part I;M or V
Grade 6;Foreign Languages;Session-Based;Spanish for Elementary Students, Basic, Part I;M or V
Grade 2;Foreign Languages;Session-Based;Spanish for Elementary Students, Basic, Part II;M or V
Grade 3;Foreign Languages;Session-Based;Spanish for Elementary Students, Basic, Part II;M or V
Grade 4;Foreign Languages;Session-Based;Spanish for Elementary Students, Basic, Part II;M or V
Grade 5;Foreign Languages;Session-Based;Spanish for Elementary Students, Basic, Part II;M or V
Grade 6;Foreign Languages;Session-Based;Spanish for Elementary Students, Basic, Part II;M or V
Grade 2;Foreign Languages;Session-Based;Spanish for Elementary Students, Basic, Part III;M or V
Grade 3;Foreign Languages;Session-Based;Spanish for Elementary Students, Basic, Part III;M or V
Grade 4;Foreign Languages;Session-Based;Spanish for Elementary Students, Basic, Part III;M or V
Grade 5;Foreign Languages;Session-Based;Spanish for Elementary Students, Basic, Part III;M or V
Grade 6;Foreign Languages;Session-Based;Spanish for Elementary Students, Basic, Part III;M or V
Grade 2;Language Arts;Session-Based;Young Readers' Series: Good Dogs New!;V
Grade 3;Language Arts;Session-Based;Young Readers' Series: Good Dogs New!;V
Grade 2;Language Arts;Session-Based;Young Readers' Series: Dragon Tales;V
Grade 3;Language Arts;Session-Based;Young Readers' Series: Dragon Tales;V
Grade 2;Language Arts;Session-Based;Young Readers' Series: Mystery Stories;V
Grade 3;Language Arts;Session-Based;Young Readers' Series: Mystery Stories;V
Grade 2;Language Arts;Session-Based;Young Readers' Series: Robot Encounters;V
Grade 3;Language Arts;Session-Based;Young Readers' Series: Robot Encounters;V
Grade 4;Language Arts;Session-Based;Young Readers' Series: Greek Myths Revisited;V
Grade 5;Language Arts;Session-Based;Young Readers' Series: Greek Myths Revisited;V
Grade 4;Language Arts;Session-Based;Young Readers' Series: In Search Of;V
Grade 5;Language Arts;Session-Based;Young Readers' Series: In Search Of;V
Grade 4;Language Arts;Session-Based;Young Readers' Series: Magical Life Lessons;V
Grade 5;Language Arts;Session-Based;Young Readers' Series: Magical Life Lessons;V
Grade 4;Language Arts;Session-Based;Young Readers' Series: On Our Own;V
Grade 5;Language Arts;Session-Based;Young Readers' Series: On Our Own;V
Grade 4;Language Arts;Session-Based;Young Readers' Series: Quests and Challenges;V
Grade 5;Language Arts;Session-Based;Young Readers' Series: Quests and Challenges;V
Grade 4;Language Arts;Session-Based;Young Readers' Series: The Right Stuff- Nonfiction New!;V
Grade 5;Language Arts;Session-Based;Young Readers' Series: The Right Stuff- Nonfiction New!;V
Grade 6;Language Arts;Session-Based;Art Meets Science: Literature;V
Grade 7;Language Arts;Session-Based;Art Meets Science: Literature;V
Grade 6;Language Arts;Session-Based;Art Meets Science: Nonfiction;V
Grade 7;Language Arts;Session-Based;Art Meets Science: Nonfiction;V
Grade 3;Language Arts;Session-Based;Building Blocks;V
Grade 4;Language Arts;Session-Based;Building Blocks;V
Grade 4;Language Arts;Session-Based;Grammar Fundamentals New!;V
Grade 5;Language Arts;Session-Based;Grammar Fundamentals New!;V
Grade 6;Language Arts;Session-Based;Grammar Fundamentals New!;V
Grade 7;Language Arts;Session-Based;From Structure to Style;V
Grade 8;Language Arts;Session-Based;From Structure to Style;V
Grade 9;Language Arts;Session-Based;From Structure to Style;V
Grade 10;Language Arts;Session-Based;From Structure to Style;V
Grade 11;Language Arts;Session-Based;From Structure to Style;V
Grade 12;Language Arts;Session-Based;From Structure to Style;V
Grade 1;Mathematics;Individually Paced;Accelerated Math Sequence Grades 1-6;M
Grade 2;Mathematics;Individually Paced;Accelerated Math Sequence Grades 1-6;M
Grade 3;Mathematics;Individually Paced;Accelerated Math Sequence Grades 1-6;M
Grade 4;Mathematics;Individually Paced;Accelerated Math Sequence Grades 1-6;M
Grade 5;Mathematics;Individually Paced;Accelerated Math Sequence Grades 1-6;M
Grade 6;Mathematics;Individually Paced;Accelerated Math Sequence Grades 1-6;M
Pre-K - K*;Mathematics;Individually Paced;Pre-Primary Mathematics;M
Grade 2;Mathematics;Individually Paced;Elementary Problem Solving I;M
Grade 3;Mathematics;Individually Paced;Elementary Problem Solving I;M
Grade 4;Mathematics;Individually Paced;Elementary Problem Solving II;M
Grade 5;Mathematics;Individually Paced;Elementary Problem Solving II;M
Grade 6;Mathematics;Individually Paced;Problem Solving in Arithmetic;M
Grade 7;Mathematics;Individually Paced;Problem Solving in Arithmetic;M
Grade 6;Mathematics;Individually Paced;Cryptography: Math and Codes;M
Grade 7;Mathematics;Individually Paced;Cryptography: Math and Codes;M
Grade 8;Mathematics;Individually Paced;Cryptography: Math and Codes;M
Grade 9;Mathematics;Individually Paced;Cryptography: Math and Codes;M
Grade 6;Mathematics;Individually Paced;Problem Solving in Pre-algebra;M
Grade 7;Mathematics;Individually Paced;Problem Solving in Pre-algebra;M
Grade 8;Mathematics;Individually Paced;Problem Solving in Pre-algebra;M
Grade 6;Mathematics;Individually Paced;Problem Solving in Algebra, Part I;M
Grade 7;Mathematics;Individually Paced;Problem Solving in Algebra, Part I;M
Grade 8;Mathematics;Individually Paced;Problem Solving in Algebra, Part I;M
Grade 9;Mathematics;Individually Paced;Problem Solving in Algebra, Part I;M
Grade 6;Mathematics;Individually Paced;Problem Solving in Algebra, Part II;M
Grade 7;Mathematics;Individually Paced;Problem Solving in Algebra, Part II;M
Grade 8;Mathematics;Individually Paced;Problem Solving in Algebra, Part II;M
Grade 9;Mathematics;Individually Paced;Problem Solving in Algebra, Part II;M
Grade 5;Mathematics;Individually Paced;Math Olympiad for Elementary School Students;M
Grade 6;Mathematics;Individually Paced;Math Olympiad for Elementary School Students;M
Grade 6;Mathematics;Individually Paced;Honors Pre-algebra;M
Grade 7;Mathematics;Individually Paced;Honors Pre-algebra;M
Grade 8;Mathematics;Individually Paced;Honors Pre-algebra;M
Grade 6;Mathematics;Individually Paced;Honors Algebra I;M
Grade 7;Mathematics;Individually Paced;Honors Algebra I;M
Grade 8;Mathematics;Individually Paced;Honors Algebra I;M
Grade 9;Mathematics;Individually Paced;Honors Algebra I;M
Grade 6;Mathematics;Individually Paced;Honors Geometry;M
Grade 7;Mathematics;Individually Paced;Honors Geometry;M
Grade 8;Mathematics;Individually Paced;Honors Geometry;M
Grade 9;Mathematics;Individually Paced;Honors Geometry;M
Grade 10;Mathematics;Individually Paced;Honors Geometry;M
Grade 4;Music;Flexi-Paced;Mastering the Fundamentals of Music;M or V
Grade 5;Music;Flexi-Paced;Mastering the Fundamentals of Music;M or V
Grade 6;Music;Flexi-Paced;Mastering the Fundamentals of Music;M or V
Grade 7;Music;Flexi-Paced;Mastering the Fundamentals of Music;M or V
Grade 8;Music;Flexi-Paced;Mastering the Fundamentals of Music;M or V
Grade 9;Music;Flexi-Paced;Mastering the Fundamentals of Music;M or V
Grade 6;Sciences;Individually Paced;Earth and Space Science;M
Grade 7;Sciences;Individually Paced;Earth and Space Science;M
Grade 8;Sciences;Individually Paced;Earth and Space Science;M
Grade 9;Sciences;Individually Paced;Earth and Space Science;M
Grade 6;Sciences;Individually Paced;Life Science;M
Grade 7;Sciences;Individually Paced;Life Science;M
Grade 8;Sciences;Individually Paced;Life Science;M
Grade 9;Sciences;Individually Paced;Life Science;M
Grade 6;Sciences;Individually Paced;Physical Science;M
Grade 7;Sciences;Individually Paced;Physical Science;M
Grade 8;Sciences;Individually Paced;Physical Science;M
Grade 9;Sciences;Individually Paced;Physical Science;M
Grade 5;Writing;Session-Based;The Process of Writing;V
Grade 6;Writing;Session-Based;The Process of Writing;V
Grade 7;Writing;Session-Based;The Process of Writing;V
Grade 5;Writing;Session-Based;The Process of Writing;V
Grade 6;Writing;Session-Based;The Process of Writing;V
Grade 7;Writing;Session-Based;The Process of Writing;V
Grade 6;Writing;Flexi-Paced;Writing for an Audience;V
Grade 7;Writing;Flexi-Paced;Writing for an Audience;V
Grade 6;Computer Technology;Individually Paced;Scratch Programming;M
Grade 6;Computer Technology;Individually Paced;Introduction to Web Design;M or V
Grade 7;Computer Technology;Individually Paced;Introduction to Web Design;M or V
Grade 8;Computer Technology;Individually Paced;Introduction to Web Design;M or V
Grade 9;Computer Technology;Individually Paced;Introduction to Web Design;M or V
Grade 10;Computer Technology;Individually Paced;Introduction to Web Design;M or V
Grade 11;Computer Technology;Individually Paced;Introduction to Web Design;M or V
Grade 12;Computer Technology;Individually Paced;Introduction to Web Design;M or V
Grade 6;Computer Technology;Individually Paced;Advanced Web Design New!;M or V
Grade 7;Computer Technology;Individually Paced;Advanced Web Design New!;M or V
Grade 8;Computer Technology;Individually Paced;Advanced Web Design New!;M or V
Grade 9;Computer Technology;Individually Paced;Advanced Web Design New!;M or V
Grade 10;Computer Technology;Individually Paced;Advanced Web Design New!;M or V
Grade 11;Computer Technology;Individually Paced;Advanced Web Design New!;M or V
Grade 12;Computer Technology;Individually Paced;Advanced Web Design New!;M or V
Grade 6;Computer Technology;Individually Paced;JavaScript;M or V
Grade 7;Computer Technology;Individually Paced;JavaScript;M or V
Grade 8;Computer Technology;Individually Paced;JavaScript;M or V
Grade 9;Computer Technology;Individually Paced;JavaScript;M or V
Grade 10;Computer Technology;Individually Paced;JavaScript;M or V
Grade 11;Computer Technology;Individually Paced;JavaScript;M or V
Grade 12;Computer Technology;Individually Paced;JavaScript;M or V
Grade 8;Computer Technology;Individually Paced;Computer Security Fundamentals;M
Grade 9;Computer Technology;Individually Paced;Computer Security Fundamentals;M
Grade 10;Computer Technology;Individually Paced;Computer Security Fundamentals;M
Grade 11;Computer Technology;Individually Paced;Computer Security Fundamentals;M
Grade 12;Computer Technology;Individually Paced;Computer Security Fundamentals;M
Grade 7;Foreign Languages;Session-Based;Arabic Language, Basic, Part I;M or V
Grade 8;Foreign Languages;Session-Based;Arabic Language, Basic, Part I;M or V
Grade 9;Foreign Languages;Session-Based;Arabic Language, Basic, Part I;M or V
Grade 10;Foreign Languages;Session-Based;Arabic Language, Basic, Part I;M or V
Grade 11;Foreign Languages;Session-Based;Arabic Language, Basic, Part I;M or V
Grade 12;Foreign Languages;Session-Based;Arabic Language, Basic, Part I;M or V
Grade 7;Foreign Languages;Session-Based;Arabic Language, Basic, Part II;M or V
Grade 8;Foreign Languages;Session-Based;Arabic Language, Basic, Part II;M or V
Grade 9;Foreign Languages;Session-Based;Arabic Language, Basic, Part II;M or V
Grade 10;Foreign Languages;Session-Based;Arabic Language, Basic, Part II;M or V
Grade 11;Foreign Languages;Session-Based;Arabic Language, Basic, Part II;M or V
Grade 12;Foreign Languages;Session-Based;Arabic Language, Basic, Part II;M or V
Grade 7;Foreign Languages;Session-Based;Arabic Language, Basic, Part III;M or V
Grade 8;Foreign Languages;Session-Based;Arabic Language, Basic, Part III;M or V
Grade 9;Foreign Languages;Session-Based;Arabic Language, Basic, Part III;M or V
Grade 10;Foreign Languages;Session-Based;Arabic Language, Basic, Part III;M or V
Grade 11;Foreign Languages;Session-Based;Arabic Language, Basic, Part III;M or V
Grade 12;Foreign Languages;Session-Based;Arabic Language, Basic, Part III;M or V
Grade 7;Foreign Languages;Session-Based;Arabic Language, Intermediate, Part I;M or V
Grade 8;Foreign Languages;Session-Based;Arabic Language, Intermediate, Part I;M or V
Grade 9;Foreign Languages;Session-Based;Arabic Language, Intermediate, Part I;M or V
Grade 10;Foreign Languages;Session-Based;Arabic Language, Intermediate, Part I;M or V
Grade 11;Foreign Languages;Session-Based;Arabic Language, Intermediate, Part I;M or V
Grade 12;Foreign Languages;Session-Based;Arabic Language, Intermediate, Part I;M or V
Grade 7;Foreign Languages;Session-Based;Arabic Language, Intermediate, Part II;M or V
Grade 8;Foreign Languages;Session-Based;Arabic Language, Intermediate, Part II;M or V
Grade 9;Foreign Languages;Session-Based;Arabic Language, Intermediate, Part II;M or V
Grade 10;Foreign Languages;Session-Based;Arabic Language, Intermediate, Part II;M or V
Grade 11;Foreign Languages;Session-Based;Arabic Language, Intermediate, Part II;M or V
Grade 12;Foreign Languages;Session-Based;Arabic Language, Intermediate, Part II;M or V
Grade 7;Foreign Languages;Session-Based;Arabic Language, Intermediate, Part III;M or V
Grade 8;Foreign Languages;Session-Based;Arabic Language, Intermediate, Part III;M or V
Grade 9;Foreign Languages;Session-Based;Arabic Language, Intermediate, Part III;M or V
Grade 10;Foreign Languages;Session-Based;Arabic Language, Intermediate, Part III;M or V
Grade 11;Foreign Languages;Session-Based;Arabic Language, Intermediate, Part III;M or V
Grade 12;Foreign Languages;Session-Based;Arabic Language, Intermediate, Part III;M or V
Grade 7;Foreign Languages;Session-Based;Chinese Language, Basic, Part I;M or V
Grade 8;Foreign Languages;Session-Based;Chinese Language, Basic, Part I;M or V
Grade 9;Foreign Languages;Session-Based;Chinese Language, Basic, Part I;M or V
Grade 10;Foreign Languages;Session-Based;Chinese Language, Basic, Part I;M or V
Grade 11;Foreign Languages;Session-Based;Chinese Language, Basic, Part I;M or V
Grade 12;Foreign Languages;Session-Based;Chinese Language, Basic, Part I;M or V
Grade 7;Foreign Languages;Session-Based;Chinese Language, Basic, Part II;M or V
Grade 8;Foreign Languages;Session-Based;Chinese Language, Basic, Part II;M or V
Grade 9;Foreign Languages;Session-Based;Chinese Language, Basic, Part II;M or V
Grade 10;Foreign Languages;Session-Based;Chinese Language, Basic, Part II;M or V
Grade 11;Foreign Languages;Session-Based;Chinese Language, Basic, Part II;M or V
Grade 12;Foreign Languages;Session-Based;Chinese Language, Basic, Part II;M or V
Grade 7;Foreign Languages;Session-Based;Chinese Language, Basic, Part III;M or V
Grade 8;Foreign Languages;Session-Based;Chinese Language, Basic, Part III;M or V
Grade 9;Foreign Languages;Session-Based;Chinese Language, Basic, Part III;M or V
Grade 10;Foreign Languages;Session-Based;Chinese Language, Basic, Part III;M or V
Grade 11;Foreign Languages;Session-Based;Chinese Language, Basic, Part III;M or V
Grade 12;Foreign Languages;Session-Based;Chinese Language, Basic, Part III;M or V
Grade 7;Foreign Languages;Session-Based;Chinese Language, Intermediate, Part I;M or V
Grade 8;Foreign Languages;Session-Based;Chinese Language, Intermediate, Part I;M or V
Grade 9;Foreign Languages;Session-Based;Chinese Language, Intermediate, Part I;M or V
Grade 10;Foreign Languages;Session-Based;Chinese Language, Intermediate, Part I;M or V
Grade 11;Foreign Languages;Session-Based;Chinese Language, Intermediate, Part I;M or V
Grade 12;Foreign Languages;Session-Based;Chinese Language, Intermediate, Part I;M or V
Grade 7;Foreign Languages;Session-Based;Chinese Language, Intermediate, Part II;M or V
Grade 8;Foreign Languages;Session-Based;Chinese Language, Intermediate, Part II;M or V
Grade 9;Foreign Languages;Session-Based;Chinese Language, Intermediate, Part II;M or V
Grade 10;Foreign Languages;Session-Based;Chinese Language, Intermediate, Part II;M or V
Grade 11;Foreign Languages;Session-Based;Chinese Language, Intermediate, Part II;M or V
Grade 12;Foreign Languages;Session-Based;Chinese Language, Intermediate, Part II;M or V
Grade 7;Foreign Languages;Session-Based;Chinese Language, Intermediate, Part III;M or V
Grade 8;Foreign Languages;Session-Based;Chinese Language, Intermediate, Part III;M or V
Grade 9;Foreign Languages;Session-Based;Chinese Language, Intermediate, Part III;M or V
Grade 10;Foreign Languages;Session-Based;Chinese Language, Intermediate, Part III;M or V
Grade 11;Foreign Languages;Session-Based;Chinese Language, Intermediate, Part III;M or V
Grade 12;Foreign Languages;Session-Based;Chinese Language, Intermediate, Part III;M or V
Grade 7;Foreign Languages;Session-Based;Chinese Language, Intermediate, Part IV;M or V
Grade 8;Foreign Languages;Session-Based;Chinese Language, Intermediate, Part IV;M or V
Grade 9;Foreign Languages;Session-Based;Chinese Language, Intermediate, Part IV;M or V
Grade 10;Foreign Languages;Session-Based;Chinese Language, Intermediate, Part IV;M or V
Grade 11;Foreign Languages;Session-Based;Chinese Language, Intermediate, Part IV;M or V
Grade 12;Foreign Languages;Session-Based;Chinese Language, Intermediate, Part IV;M or V
Grade 7;Foreign Languages;Session-Based;Chinese Language, Advanced, Part I;M or V
Grade 8;Foreign Languages;Session-Based;Chinese Language, Advanced, Part I;M or V
Grade 9;Foreign Languages;Session-Based;Chinese Language, Advanced, Part I;M or V
Grade 10;Foreign Languages;Session-Based;Chinese Language, Advanced, Part I;M or V
Grade 11;Foreign Languages;Session-Based;Chinese Language, Advanced, Part I;M or V
Grade 12;Foreign Languages;Session-Based;Chinese Language, Advanced, Part I;M or V
Grade 7;Foreign Languages;Session-Based;Chinese Language, Advanced, Part II;M or V
Grade 8;Foreign Languages;Session-Based;Chinese Language, Advanced, Part II;M or V
Grade 9;Foreign Languages;Session-Based;Chinese Language, Advanced, Part II;M or V
Grade 10;Foreign Languages;Session-Based;Chinese Language, Advanced, Part II;M or V
Grade 11;Foreign Languages;Session-Based;Chinese Language, Advanced, Part II;M or V
Grade 12;Foreign Languages;Session-Based;Chinese Language, Advanced, Part II;M or V
Grade 7;Foreign Languages;Session-Based;Chinese Language, Advanced, Part III;M or V
Grade 8;Foreign Languages;Session-Based;Chinese Language, Advanced, Part III;M or V
Grade 9;Foreign Languages;Session-Based;Chinese Language, Advanced, Part III;M or V
Grade 10;Foreign Languages;Session-Based;Chinese Language, Advanced, Part III;M or V
Grade 11;Foreign Languages;Session-Based;Chinese Language, Advanced, Part III;M or V
Grade 12;Foreign Languages;Session-Based;Chinese Language, Advanced, Part III;M or V
Grade 7;Foreign Languages;Session-Based;Chinese Character Writing;M or V
Grade 8;Foreign Languages;Session-Based;Chinese Character Writing;M or V
Grade 9;Foreign Languages;Session-Based;Chinese Character Writing;M or V
Grade 10;Foreign Languages;Session-Based;Chinese Character Writing;M or V
Grade 11;Foreign Languages;Session-Based;Chinese Character Writing;M or V
Grade 12;Foreign Languages;Session-Based;Chinese Character Writing;M or V
Grade 7;Foreign Languages;Session-Based;Spanish Language, Basic, Part I;M or V
Grade 8;Foreign Languages;Session-Based;Spanish Language, Basic, Part I;M or V
Grade 9;Foreign Languages;Session-Based;Spanish Language, Basic, Part I;M or V
Grade 10;Foreign Languages;Session-Based;Spanish Language, Basic, Part I;M or V
Grade 11;Foreign Languages;Session-Based;Spanish Language, Basic, Part I;M or V
Grade 12;Foreign Languages;Session-Based;Spanish Language, Basic, Part I;M or V
Grade 7;Foreign Languages;Session-Based;Spanish Language, Basic, Part II;M or V
Grade 8;Foreign Languages;Session-Based;Spanish Language, Basic, Part II;M or V
Grade 9;Foreign Languages;Session-Based;Spanish Language, Basic, Part II;M or V
Grade 10;Foreign Languages;Session-Based;Spanish Language, Basic, Part II;M or V
Grade 11;Foreign Languages;Session-Based;Spanish Language, Basic, Part II;M or V
Grade 12;Foreign Languages;Session-Based;Spanish Language, Basic, Part II;M or V
Grade 6;Language Arts;Session-Based;Art Meets Science: Literature;V
Grade 7;Language Arts;Session-Based;Art Meets Science: Literature;V
Grade 6;Language Arts;Session-Based;Art Meets Science: Nonfiction;V
Grade 7;Language Arts;Session-Based;Art Meets Science: Nonfiction;V
Grade 7;Language Arts;Session-Based;From Structure to Style;V
Grade 8;Language Arts;Session-Based;From Structure to Style;V
Grade 9;Language Arts;Session-Based;From Structure to Style;V
Grade 10;Language Arts;Session-Based;From Structure to Style;V
Grade 11;Language Arts;Session-Based;From Structure to Style;V
Grade 12;Language Arts;Session-Based;From Structure to Style;V
Grade 6;Mathematics;Individually Paced;Problem Solving in Arithmetic;M
Grade 7;Mathematics;Individually Paced;Problem Solving in Arithmetic;M
Grade 6;Mathematics;Individually Paced;Cryptography: Math and Codes;M
Grade 7;Mathematics;Individually Paced;Cryptography: Math and Codes;M
Grade 8;Mathematics;Individually Paced;Cryptography: Math and Codes;M
Grade 9;Mathematics;Individually Paced;Cryptography: Math and Codes;M
Grade 6;Mathematics;Individually Paced;Problem Solving in Pre-algebra;M
Grade 7;Mathematics;Individually Paced;Problem Solving in Pre-algebra;M
Grade 8;Mathematics;Individually Paced;Problem Solving in Pre-algebra;M
Grade 6;Mathematics;Individually Paced;Problem Solving in Algebra I, Part I;M
Grade 7;Mathematics;Individually Paced;Problem Solving in Algebra I, Part I;M
Grade 8;Mathematics;Individually Paced;Problem Solving in Algebra I, Part I;M
Grade 9;Mathematics;Individually Paced;Problem Solving in Algebra I, Part I;M
Grade 6;Mathematics;Individually Paced;Problem Solving in Algebra I, Part II;M
Grade 7;Mathematics;Individually Paced;Problem Solving in Algebra I, Part II;M
Grade 8;Mathematics;Individually Paced;Problem Solving in Algebra I, Part II;M
Grade 9;Mathematics;Individually Paced;Problem Solving in Algebra I, Part II;M
Grade 6;Mathematics;Individually Paced;MATHCOUNTS Prep Coming in Spring 2012!;M
Grade 7;Mathematics;Individually Paced;MATHCOUNTS Prep Coming in Spring 2012!;M
Grade 8;Mathematics;Individually Paced;MATHCOUNTS Prep Coming in Spring 2012!;M
Grade 7;Mathematics;Individually Paced;MATHCOUNTS;M
Grade 8;Mathematics;Individually Paced;MATHCOUNTS;M
Grade 8;Mathematics;Individually Paced;Competitive Mathematics Prep Coming in Spring 2012!;M
Grade 9;Mathematics;Individually Paced;Competitive Mathematics Prep Coming in Spring 2012!;M
Grade 10;Mathematics;Individually Paced;Competitive Mathematics Prep Coming in Spring 2012!;M
Grade 6;Mathematics;Individually Paced;Honors Pre-algebra;M
Grade 7;Mathematics;Individually Paced;Honors Pre-algebra;M
Grade 8;Mathematics;Individually Paced;Honors Pre-algebra;M
Grade 6;Mathematics;Individually Paced;Honors Algebra I;M
Grade 7;Mathematics;Individually Paced;Honors Algebra I;M
Grade 8;Mathematics;Individually Paced;Honors Algebra I;M
Grade 9;Mathematics;Individually Paced;Honors Algebra I;M
Grade 6;Mathematics;Individually Paced;Honors Geometry;M
Grade 7;Mathematics;Individually Paced;Honors Geometry;M
Grade 8;Mathematics;Individually Paced;Honors Geometry;M
Grade 9;Mathematics;Individually Paced;Honors Geometry;M
Grade 10;Mathematics;Individually Paced;Honors Geometry;M
Grade 7;Mathematics;Individually Paced;Honors Algebra II;M
Grade 8;Mathematics;Individually Paced;Honors Algebra II;M
Grade 9;Mathematics;Individually Paced;Honors Algebra II;M
Grade 10;Mathematics;Individually Paced;Honors Algebra II;M
Grade 8;Mathematics;Individually Paced;Honors Trigonometry;M
Grade 9;Mathematics;Individually Paced;Honors Trigonometry;M
Grade 10;Mathematics;Individually Paced;Honors Trigonometry;M
Grade 11;Mathematics;Individually Paced;Honors Trigonometry;M
Grade 8;Mathematics;Individually Paced;Honors Precalculus with Trigonometry;M
Grade 9;Mathematics;Individually Paced;Honors Precalculus with Trigonometry;M
Grade 10;Mathematics;Individually Paced;Honors Precalculus with Trigonometry;M
Grade 11;Mathematics;Individually Paced;Honors Precalculus with Trigonometry;M
Grade 4;Music;Flexi-Paced;Mastering the Fundamentals of Music;M or V
Grade 5;Music;Flexi-Paced;Mastering the Fundamentals of Music;M or V
Grade 6;Music;Flexi-Paced;Mastering the Fundamentals of Music;M or V
Grade 7;Music;Flexi-Paced;Mastering the Fundamentals of Music;M or V
Grade 8;Music;Flexi-Paced;Mastering the Fundamentals of Music;M or V
Grade 9;Music;Flexi-Paced;Mastering the Fundamentals of Music;M or V
Grade 6;Sciences;Individually Paced;Life Science;M
Grade 7;Sciences;Individually Paced;Life Science;M
Grade 8;Sciences;Individually Paced;Life Science;M
Grade 6;Sciences;Individually Paced;Earth and Space Science;M
Grade 7;Sciences;Individually Paced;Earth and Space Science;M
Grade 8;Sciences;Individually Paced;Earth and Space Science;M
Grade 6;Sciences;Individually Paced;Physical Science;M
Grade 7;Sciences;Individually Paced;Physical Science;M
Grade 8;Sciences;Individually Paced;Physical Science;M
Grade 7;Sciences;Session-Based;Intro to Forensics New!;M
Grade 8;Sciences;Session-Based;Intro to Forensics New!;M
Grade 9;Sciences;Session-Based;Intro to Forensics New!;M
Grade 8;Sciences;Individually Paced;Honors Biology;M
Grade 9;Sciences;Individually Paced;Honors Biology;M
Grade 10;Sciences;Individually Paced;Honors Biology;M
Grade 11;Sciences;Individually Paced;Honors Biology;M
Grade 12;Sciences;Individually Paced;Honors Biology;M
Grade 8;Sciences;Individually Paced;Honors Chemistry;M
Grade 9;Sciences;Individually Paced;Honors Chemistry;M
Grade 10;Sciences;Individually Paced;Honors Chemistry;M
Grade 11;Sciences;Individually Paced;Honors Chemistry;M
Grade 12;Sciences;Individually Paced;Honors Chemistry;M
Grade 7;Visual Fluency;Session-Based;Visual Literacy New!;V
Grade 8;Visual Fluency;Session-Based;Visual Literacy New!;V
Grade 9;Visual Fluency;Session-Based;Visual Literacy New!;V
Grade 10;Visual Fluency;Session-Based;Visual Literacy New!;V
Grade 11;Visual Fluency;Session-Based;Visual Literacy New!;V
Grade 12;Visual Fluency;Session-Based;Visual Literacy New!;V
Grade 7;Visual Fluency;Session-Based;Visual Communication Coming in Early Summer!;V
Grade 8;Visual Fluency;Session-Based;Visual Communication Coming in Early Summer!;V
Grade 9;Visual Fluency;Session-Based;Visual Communication Coming in Early Summer!;V
Grade 10;Visual Fluency;Session-Based;Visual Communication Coming in Early Summer!;V
Grade 11;Visual Fluency;Session-Based;Visual Communication Coming in Early Summer!;V
Grade 12;Visual Fluency;Session-Based;Visual Communication Coming in Early Summer!;V
Grade 5;Writing;Session-Based;The Process of Writing;V
Grade 6;Writing;Session-Based;The Process of Writing;V
Grade 7;Writing;Session-Based;The Process of Writing;V
Grade 6;Writing;Session-Based;Writing for an Audience;V
Grade 7;Writing;Session-Based;Writing for an Audience;V
Grade 7;Writing;Flexi-Paced;Crafting the Essay;V
Grade 8;Writing;Flexi-Paced;Crafting the Essay;V
Grade 9;Writing;Flexi-Paced;Crafting the Essay;V
Grade 10;Writing;Flexi-Paced;Crafting the Essay;V
Grade 11;Writing;Flexi-Paced;Crafting the Essay;V
Grade 12;Writing;Flexi-Paced;Crafting the Essay;V
Grade 8;Writing;Flexi-Paced;Writing Analysis and Persuasion;V
Grade 9;Writing;Flexi-Paced;Writing Analysis and Persuasion;V
Grade 10;Writing;Flexi-Paced;Writing Analysis and Persuasion;V
Grade 11;Writing;Flexi-Paced;Writing Analysis and Persuasion;V
Grade 12;Writing;Flexi-Paced;Writing Analysis and Persuasion;V
Grade 8;Writing;Session-Based;Crafting Poetry;V
Grade 9;Writing;Session-Based;Crafting Poetry;V
Grade 10;Writing;Session-Based;Crafting Poetry;V
Grade 11;Writing;Session-Based;Crafting Poetry;V
Grade 12;Writing;Session-Based;Crafting Poetry;V
Grade 8;Writing;Session-Based;Crafting Fiction;V
Grade 9;Writing;Session-Based;Crafting Fiction;V
Grade 10;Writing;Session-Based;Crafting Fiction;V
Grade 11;Writing;Session-Based;Crafting Fiction;V
Grade 12;Writing;Session-Based;Crafting Fiction;V
Grade 9;Advanced Placement;Individually Paced;AP Calculus AB;M
Grade 10;Advanced Placement;Individually Paced;AP Calculus AB;M
Grade 11;Advanced Placement;Individually Paced;AP Calculus AB;M
Grade 12;Advanced Placement;Individually Paced;AP Calculus AB;M
Grade 9;Advanced Placement;Individually Paced;AP Calculus BC;M
Grade 10;Advanced Placement;Individually Paced;AP Calculus BC;M
Grade 11;Advanced Placement;Individually Paced;AP Calculus BC;M
Grade 12;Advanced Placement;Individually Paced;AP Calculus BC;M
Grade 9;Advanced Placement;Session-Based;AP Biology;M
Grade 10;Advanced Placement;Session-Based;AP Biology;M
Grade 11;Advanced Placement;Session-Based;AP Biology;M
Grade 12;Advanced Placement;Session-Based;AP Biology;M
Grade 9;Advanced Placement;Session-Based;AP Chemistry;M
Grade 10;Advanced Placement;Session-Based;AP Chemistry;M
Grade 11;Advanced Placement;Session-Based;AP Chemistry;M
Grade 12;Advanced Placement;Session-Based;AP Chemistry;M
Grade 9;Advanced Placement;Session-Based;AP Physics B;M
Grade 10;Advanced Placement;Session-Based;AP Physics B;M
Grade 11;Advanced Placement;Session-Based;AP Physics B;M
Grade 12;Advanced Placement;Session-Based;AP Physics B;M
Grade 9;Advanced Placement;Session-Based;AP Chinese Language and Culture New!;M or V
Grade 10;Advanced Placement;Session-Based;AP Chinese Language and Culture New!;M or V
Grade 11;Advanced Placement;Session-Based;AP Chinese Language and Culture New!;M or V
Grade 12;Advanced Placement;Session-Based;AP Chinese Language and Culture New!;M or V
Grade 9;Advanced Placement;Session-Based;AP Macroeconomics;V
Grade 10;Advanced Placement;Session-Based;AP Macroeconomics;V
Grade 11;Advanced Placement;Session-Based;AP Macroeconomics;V
Grade 12;Advanced Placement;Session-Based;AP Macroeconomics;V
Grade 9;Advanced Placement;Session-Based;AP Microeconomics;V
Grade 10;Advanced Placement;Session-Based;AP Microeconomics;V
Grade 11;Advanced Placement;Session-Based;AP Microeconomics;V
Grade 12;Advanced Placement;Session-Based;AP Microeconomics;V
Grade 9;Advanced Placement;Session-Based;AP Psychology;V
Grade 10;Advanced Placement;Session-Based;AP Psychology;V
Grade 11;Advanced Placement;Session-Based;AP Psychology;V
Grade 12;Advanced Placement;Session-Based;AP Psychology;V
Grade 9;Advanced Placement;Session-Based;AP US Government & Politics;V
Grade 10;Advanced Placement;Session-Based;AP US Government & Politics;V
Grade 11;Advanced Placement;Session-Based;AP US Government & Politics;V
Grade 12;Advanced Placement;Session-Based;AP US Government & Politics;V
Grade 9;Advanced Placement;Session-Based;AP US History;V
Grade 10;Advanced Placement;Session-Based;AP US History;V
Grade 11;Advanced Placement;Session-Based;AP US History;V
Grade 12;Advanced Placement;Session-Based;AP US History;V
Grade 9;Advanced Placement;Session-Based;AP English Language and Composition;V
Grade 10;Advanced Placement;Session-Based;AP English Language and Composition;V
Grade 11;Advanced Placement;Session-Based;AP English Language and Composition;V
Grade 12;Advanced Placement;Session-Based;AP English Language and Composition;V
Grade 6;Computer Technology;Individually Paced;Introduction to Web Design;M or V
Grade 7;Computer Technology;Individually Paced;Introduction to Web Design;M or V
Grade 8;Computer Technology;Individually Paced;Introduction to Web Design;M or V
Grade 9;Computer Technology;Individually Paced;Introduction to Web Design;M or V
Grade 10;Computer Technology;Individually Paced;Introduction to Web Design;M or V
Grade 11;Computer Technology;Individually Paced;Introduction to Web Design;M or V
Grade 12;Computer Technology;Individually Paced;Introduction to Web Design;M or V
Grade 6;Computer Technology;Individually Paced;Advanced Web Design New!;M or V
Grade 7;Computer Technology;Individually Paced;Advanced Web Design New!;M or V
Grade 8;Computer Technology;Individually Paced;Advanced Web Design New!;M or V
Grade 9;Computer Technology;Individually Paced;Advanced Web Design New!;M or V
Grade 10;Computer Technology;Individually Paced;Advanced Web Design New!;M or V
Grade 11;Computer Technology;Individually Paced;Advanced Web Design New!;M or V
Grade 12;Computer Technology;Individually Paced;Advanced Web Design New!;M or V
Grade 6;Computer Technology;Individually Paced;JavaScript;M or V
Grade 7;Computer Technology;Individually Paced;JavaScript;M or V
Grade 8;Computer Technology;Individually Paced;JavaScript;M or V
Grade 9;Computer Technology;Individually Paced;JavaScript;M or V
Grade 10;Computer Technology;Individually Paced;JavaScript;M or V
Grade 11;Computer Technology;Individually Paced;JavaScript;M or V
Grade 12;Computer Technology;Individually Paced;JavaScript;M or V
Grade 8;Computer Technology;Individually Paced;Computer Security Fundamentals;M
Grade 9;Computer Technology;Individually Paced;Computer Security Fundamentals;M
Grade 10;Computer Technology;Individually Paced;Computer Security Fundamentals;M
Grade 11;Computer Technology;Individually Paced;Computer Security Fundamentals;M
Grade 12;Computer Technology;Individually Paced;Computer Security Fundamentals;M
Grade 9;Computer Technology;Individually Paced;Introduction to Java;M
Grade 10;Computer Technology;Individually Paced;Introduction to Java;M
Grade 11;Computer Technology;Individually Paced;Introduction to Java;M
Grade 12;Computer Technology;Individually Paced;Introduction to Java;M
Grade 9;Computer Technology;Individually Paced;Advanced Java Programming;M
Grade 10;Computer Technology;Individually Paced;Advanced Java Programming;M
Grade 11;Computer Technology;Individually Paced;Advanced Java Programming;M
Grade 12;Computer Technology;Individually Paced;Advanced Java Programming;M
Grade 7;Foreign Languages;Session-Based;Arabic Language, Basic, Part I;M or V
Grade 8;Foreign Languages;Session-Based;Arabic Language, Basic, Part I;M or V
Grade 9;Foreign Languages;Session-Based;Arabic Language, Basic, Part I;M or V
Grade 10;Foreign Languages;Session-Based;Arabic Language, Basic, Part I;M or V
Grade 11;Foreign Languages;Session-Based;Arabic Language, Basic, Part I;M or V
Grade 12;Foreign Languages;Session-Based;Arabic Language, Basic, Part I;M or V
Grade 7;Foreign Languages;Session-Based;Arabic Language, Basic, Part II;M or V
Grade 8;Foreign Languages;Session-Based;Arabic Language, Basic, Part II;M or V
Grade 9;Foreign Languages;Session-Based;Arabic Language, Basic, Part II;M or V
Grade 10;Foreign Languages;Session-Based;Arabic Language, Basic, Part II;M or V
Grade 11;Foreign Languages;Session-Based;Arabic Language, Basic, Part II;M or V
Grade 12;Foreign Languages;Session-Based;Arabic Language, Basic, Part II;M or V
Grade 7;Foreign Languages;Session-Based;Arabic Language, Basic, Part III;M or V
Grade 8;Foreign Languages;Session-Based;Arabic Language, Basic, Part III;M or V
Grade 9;Foreign Languages;Session-Based;Arabic Language, Basic, Part III;M or V
Grade 10;Foreign Languages;Session-Based;Arabic Language, Basic, Part III;M or V
Grade 11;Foreign Languages;Session-Based;Arabic Language, Basic, Part III;M or V
Grade 12;Foreign Languages;Session-Based;Arabic Language, Basic, Part III;M or V
Grade 7;Foreign Languages;Session-Based;Arabic Language, Intermediate, Part I;M or V
Grade 8;Foreign Languages;Session-Based;Arabic Language, Intermediate, Part I;M or V
Grade 9;Foreign Languages;Session-Based;Arabic Language, Intermediate, Part I;M or V
Grade 10;Foreign Languages;Session-Based;Arabic Language, Intermediate, Part I;M or V
Grade 11;Foreign Languages;Session-Based;Arabic Language, Intermediate, Part I;M or V
Grade 12;Foreign Languages;Session-Based;Arabic Language, Intermediate, Part I;M or V
Grade 7;Foreign Languages;Session-Based;Arabic Language, Intermediate, Part II;M or V
Grade 8;Foreign Languages;Session-Based;Arabic Language, Intermediate, Part II;M or V
Grade 9;Foreign Languages;Session-Based;Arabic Language, Intermediate, Part II;M or V
Grade 10;Foreign Languages;Session-Based;Arabic Language, Intermediate, Part II;M or V
Grade 11;Foreign Languages;Session-Based;Arabic Language, Intermediate, Part II;M or V
Grade 12;Foreign Languages;Session-Based;Arabic Language, Intermediate, Part II;M or V
Grade 7;Foreign Languages;Session-Based;Arabic Language, Intermediate, Part III;M or V
Grade 8;Foreign Languages;Session-Based;Arabic Language, Intermediate, Part III;M or V
Grade 9;Foreign Languages;Session-Based;Arabic Language, Intermediate, Part III;M or V
Grade 10;Foreign Languages;Session-Based;Arabic Language, Intermediate, Part III;M or V
Grade 11;Foreign Languages;Session-Based;Arabic Language, Intermediate, Part III;M or V
Grade 12;Foreign Languages;Session-Based;Arabic Language, Intermediate, Part III;M or V
Grade 7;Foreign Languages;Session-Based;Chinese Language, Basic, Part I;M or V
Grade 8;Foreign Languages;Session-Based;Chinese Language, Basic, Part I;M or V
Grade 9;Foreign Languages;Session-Based;Chinese Language, Basic, Part I;M or V
Grade 10;Foreign Languages;Session-Based;Chinese Language, Basic, Part I;M or V
Grade 11;Foreign Languages;Session-Based;Chinese Language, Basic, Part I;M or V
Grade 12;Foreign Languages;Session-Based;Chinese Language, Basic, Part I;M or V
Grade 7;Foreign Languages;Session-Based;Chinese Language, Basic, Part II;M or V
Grade 8;Foreign Languages;Session-Based;Chinese Language, Basic, Part II;M or V
Grade 9;Foreign Languages;Session-Based;Chinese Language, Basic, Part II;M or V
Grade 10;Foreign Languages;Session-Based;Chinese Language, Basic, Part II;M or V
Grade 11;Foreign Languages;Session-Based;Chinese Language, Basic, Part II;M or V
Grade 12;Foreign Languages;Session-Based;Chinese Language, Basic, Part II;M or V
Grade 7;Foreign Languages;Session-Based;Chinese Language, Basic, Part III;M or V
Grade 8;Foreign Languages;Session-Based;Chinese Language, Basic, Part III;M or V
Grade 9;Foreign Languages;Session-Based;Chinese Language, Basic, Part III;M or V
Grade 10;Foreign Languages;Session-Based;Chinese Language, Basic, Part III;M or V
Grade 11;Foreign Languages;Session-Based;Chinese Language, Basic, Part III;M or V
Grade 12;Foreign Languages;Session-Based;Chinese Language, Basic, Part III;M or V
Grade 7;Foreign Languages;Session-Based;Chinese Language, Intermediate, Part I;M or V
Grade 8;Foreign Languages;Session-Based;Chinese Language, Intermediate, Part I;M or V
Grade 9;Foreign Languages;Session-Based;Chinese Language, Intermediate, Part I;M or V
Grade 10;Foreign Languages;Session-Based;Chinese Language, Intermediate, Part I;M or V
Grade 11;Foreign Languages;Session-Based;Chinese Language, Intermediate, Part I;M or V
Grade 12;Foreign Languages;Session-Based;Chinese Language, Intermediate, Part I;M or V
Grade 7;Foreign Languages;Session-Based;Chinese Language, Intermediate, Part II;M or V
Grade 8;Foreign Languages;Session-Based;Chinese Language, Intermediate, Part II;M or V
Grade 9;Foreign Languages;Session-Based;Chinese Language, Intermediate, Part II;M or V
Grade 10;Foreign Languages;Session-Based;Chinese Language, Intermediate, Part II;M or V
Grade 11;Foreign Languages;Session-Based;Chinese Language, Intermediate, Part II;M or V
Grade 12;Foreign Languages;Session-Based;Chinese Language, Intermediate, Part II;M or V
Grade 7;Foreign Languages;Session-Based;Chinese Language, Intermediate, Part III;M or V
Grade 8;Foreign Languages;Session-Based;Chinese Language, Intermediate, Part III;M or V
Grade 9;Foreign Languages;Session-Based;Chinese Language, Intermediate, Part III;M or V
Grade 10;Foreign Languages;Session-Based;Chinese Language, Intermediate, Part III;M or V
Grade 11;Foreign Languages;Session-Based;Chinese Language, Intermediate, Part III;M or V
Grade 12;Foreign Languages;Session-Based;Chinese Language, Intermediate, Part III;M or V
Grade 7;Foreign Languages;Session-Based;Chinese Language, Intermediate, Part IV;M or V
Grade 8;Foreign Languages;Session-Based;Chinese Language, Intermediate, Part IV;M or V
Grade 9;Foreign Languages;Session-Based;Chinese Language, Intermediate, Part IV;M or V
Grade 10;Foreign Languages;Session-Based;Chinese Language, Intermediate, Part IV;M or V
Grade 11;Foreign Languages;Session-Based;Chinese Language, Intermediate, Part IV;M or V
Grade 12;Foreign Languages;Session-Based;Chinese Language, Intermediate, Part IV;M or V
Grade 7;Foreign Languages;Session-Based;Chinese Language, Advanced, Part I;M or V
Grade 8;Foreign Languages;Session-Based;Chinese Language, Advanced, Part I;M or V
Grade 9;Foreign Languages;Session-Based;Chinese Language, Advanced, Part I;M or V
Grade 10;Foreign Languages;Session-Based;Chinese Language, Advanced, Part I;M or V
Grade 11;Foreign Languages;Session-Based;Chinese Language, Advanced, Part I;M or V
Grade 12;Foreign Languages;Session-Based;Chinese Language, Advanced, Part I;M or V
Grade 7;Foreign Languages;Session-Based;Chinese Language, Advanced, Part II;M or V
Grade 8;Foreign Languages;Session-Based;Chinese Language, Advanced, Part II;M or V
Grade 9;Foreign Languages;Session-Based;Chinese Language, Advanced, Part II;M or V
Grade 10;Foreign Languages;Session-Based;Chinese Language, Advanced, Part II;M or V
Grade 11;Foreign Languages;Session-Based;Chinese Language, Advanced, Part II;M or V
Grade 12;Foreign Languages;Session-Based;Chinese Language, Advanced, Part II;M or V
Grade 7;Foreign Languages;Session-Based;Chinese Language, Advanced, Part III;M or V
Grade 8;Foreign Languages;Session-Based;Chinese Language, Advanced, Part III;M or V
Grade 9;Foreign Languages;Session-Based;Chinese Language, Advanced, Part III;M or V
Grade 10;Foreign Languages;Session-Based;Chinese Language, Advanced, Part III;M or V
Grade 11;Foreign Languages;Session-Based;Chinese Language, Advanced, Part III;M or V
Grade 12;Foreign Languages;Session-Based;Chinese Language, Advanced, Part III;M or V
Grade 9;Foreign Languages;Session-Based;AP Chinese Language and Culture New!;M or V
Grade 10;Foreign Languages;Session-Based;AP Chinese Language and Culture New!;M or V
Grade 11;Foreign Languages;Session-Based;AP Chinese Language and Culture New!;M or V
Grade 12;Foreign Languages;Session-Based;AP Chinese Language and Culture New!;M or V
Grade 7;Foreign Languages;Session-Based;Spanish Language, Basic, Part I;M or V
Grade 8;Foreign Languages;Session-Based;Spanish Language, Basic, Part I;M or V
Grade 9;Foreign Languages;Session-Based;Spanish Language, Basic, Part I;M or V
Grade 10;Foreign Languages;Session-Based;Spanish Language, Basic, Part I;M or V
Grade 11;Foreign Languages;Session-Based;Spanish Language, Basic, Part I;M or V
Grade 12;Foreign Languages;Session-Based;Spanish Language, Basic, Part I;M or V
Grade 7;Foreign Languages;Session-Based;Spanish Language, Basic, Part II;M or V
Grade 8;Foreign Languages;Session-Based;Spanish Language, Basic, Part II;M or V
Grade 9;Foreign Languages;Session-Based;Spanish Language, Basic, Part II;M or V
Grade 10;Foreign Languages;Session-Based;Spanish Language, Basic, Part II;M or V
Grade 11;Foreign Languages;Session-Based;Spanish Language, Basic, Part II;M or V
Grade 12;Foreign Languages;Session-Based;Spanish Language, Basic, Part II;M or V
Grade 7;Language Arts;Session-Based;From Structure to Style;V
Grade 8;Language Arts;Session-Based;From Structure to Style;V
Grade 9;Language Arts;Session-Based;From Structure to Style;V
Grade 10;Language Arts;Session-Based;From Structure to Style;V
Grade 11;Language Arts;Session-Based;From Structure to Style;V
Grade 12;Language Arts;Session-Based;From Structure to Style;V
Grade 6;Mathematics;Individually Paced;Cryptography: Math and Codes;M
Grade 7;Mathematics;Individually Paced;Cryptography: Math and Codes;M
Grade 8;Mathematics;Individually Paced;Cryptography: Math and Codes;M
Grade 9;Mathematics;Individually Paced;Cryptography: Math and Codes;M
Grade 6;Mathematics;Individually Paced;Problem Solving in Algebra I, Part I;M
Grade 7;Mathematics;Individually Paced;Problem Solving in Algebra I, Part I;M
Grade 8;Mathematics;Individually Paced;Problem Solving in Algebra I, Part I;M
Grade 9;Mathematics;Individually Paced;Problem Solving in Algebra I, Part I;M
Grade 6;Mathematics;Individually Paced;Problem Solving in Algebra I, Part II;M
Grade 7;Mathematics;Individually Paced;Problem Solving in Algebra I, Part II;M
Grade 8;Mathematics;Individually Paced;Problem Solving in Algebra I, Part II;M
Grade 9;Mathematics;Individually Paced;Problem Solving in Algebra I, Part II;M
Grade 8;Mathematics;Individually Paced;Competitive Mathematics Prep Coming in Spring 2012!;M
Grade 9;Mathematics;Individually Paced;Competitive Mathematics Prep Coming in Spring 2012!;M
Grade 10;Mathematics;Individually Paced;Competitive Mathematics Prep Coming in Spring 2012!;M
Grade 9;Mathematics;Individually Paced;Competitive Mathematics for High School Students;M
Grade 10;Mathematics;Individually Paced;Competitive Mathematics for High School Students;M
Grade 11;Mathematics;Individually Paced;Competitive Mathematics for High School Students;M
Grade 12;Mathematics;Individually Paced;Competitive Mathematics for High School Students;M
Grade 6;Mathematics;Individually Paced;Honors Algebra I;M
Grade 7;Mathematics;Individually Paced;Honors Algebra I;M
Grade 8;Mathematics;Individually Paced;Honors Algebra I;M
Grade 9;Mathematics;Individually Paced;Honors Algebra I;M
Grade 6;Mathematics;Individually Paced;Honors Geometry;M
Grade 7;Mathematics;Individually Paced;Honors Geometry;M
Grade 8;Mathematics;Individually Paced;Honors Geometry;M
Grade 9;Mathematics;Individually Paced;Honors Geometry;M
Grade 10;Mathematics;Individually Paced;Honors Geometry;M
Grade 7;Mathematics;Individually Paced;Honors Algebra II;M
Grade 8;Mathematics;Individually Paced;Honors Algebra II;M
Grade 9;Mathematics;Individually Paced;Honors Algebra II;M
Grade 10;Mathematics;Individually Paced;Honors Algebra II;M
Grade 8;Mathematics;Individually Paced;Honors Trigonometry;M
Grade 9;Mathematics;Individually Paced;Honors Trigonometry;M
Grade 10;Mathematics;Individually Paced;Honors Trigonometry;M
Grade 11;Mathematics;Individually Paced;Honors Trigonometry;M
Grade 8;Mathematics;Individually Paced;Honors Precalculus with Trigonometry;M
Grade 9;Mathematics;Individually Paced;Honors Precalculus with Trigonometry;M
Grade 10;Mathematics;Individually Paced;Honors Precalculus with Trigonometry;M
Grade 11;Mathematics;Individually Paced;Honors Precalculus with Trigonometry;M
Grade 9;Mathematics;Individually Paced;AP Calculus AB;M
Grade 10;Mathematics;Individually Paced;AP Calculus AB;M
Grade 11;Mathematics;Individually Paced;AP Calculus AB;M
Grade 12;Mathematics;Individually Paced;AP Calculus AB;M
Grade 9;Mathematics;Individually Paced;AP Calculus BC;M
Grade 10;Mathematics;Individually Paced;AP Calculus BC;M
Grade 11;Mathematics;Individually Paced;AP Calculus BC;M
Grade 12;Mathematics;Individually Paced;AP Calculus BC;M
Grade 9;Mathematics;Individually Paced;Linear Algebra;M
Grade 10;Mathematics;Individually Paced;Linear Algebra;M
Grade 11;Mathematics;Individually Paced;Linear Algebra;M
Grade 12;Mathematics;Individually Paced;Linear Algebra;M
Grade 9;Mathematics;Individually Paced;Multivariable Calculus;M
Grade 10;Mathematics;Individually Paced;Multivariable Calculus;M
Grade 11;Mathematics;Individually Paced;Multivariable Calculus;M
Grade 12;Mathematics;Individually Paced;Multivariable Calculus;M
Grade 9;Mathematics;Individually Paced;Differential Equations New!;M
Grade 10;Mathematics;Individually Paced;Differential Equations New!;M
Grade 11;Mathematics;Individually Paced;Differential Equations New!;M
Grade 12;Mathematics;Individually Paced;Differential Equations New!;M
Grade 4;Music;Flexi-Paced;Mastering the Fundamentals of Music;M or V
Grade 5;Music;Flexi-Paced;Mastering the Fundamentals of Music;M or V
Grade 6;Music;Flexi-Paced;Mastering the Fundamentals of Music;M or V
Grade 7;Music;Flexi-Paced;Mastering the Fundamentals of Music;M or V
Grade 8;Music;Flexi-Paced;Mastering the Fundamentals of Music;M or V
Grade 9;Music;Flexi-Paced;Mastering the Fundamentals of Music;M or V
Grade 7;Sciences;Session-Based;Intro to Forensics New!;M
Grade 8;Sciences;Session-Based;Intro to Forensics New!;M
Grade 9;Sciences;Session-Based;Intro to Forensics New!;M
Grade 8;Sciences;Individually Paced;Honors Biology;M
Grade 9;Sciences;Individually Paced;Honors Biology;M
Grade 10;Sciences;Individually Paced;Honors Biology;M
Grade 11;Sciences;Individually Paced;Honors Biology;M
Grade 12;Sciences;Individually Paced;Honors Biology;M
Grade 8;Sciences;Individually Paced;Honors Chemistry;M
Grade 9;Sciences;Individually Paced;Honors Chemistry;M
Grade 10;Sciences;Individually Paced;Honors Chemistry;M
Grade 11;Sciences;Individually Paced;Honors Chemistry;M
Grade 12;Sciences;Individually Paced;Honors Chemistry;M
Grade 9;Sciences;Session-Based;AP Biology;M
Grade 10;Sciences;Session-Based;AP Biology;M
Grade 11;Sciences;Session-Based;AP Biology;M
Grade 12;Sciences;Session-Based;AP Biology;M
Grade 9;Sciences;Session-Based;AP Chemistry;M
Grade 10;Sciences;Session-Based;AP Chemistry;M
Grade 11;Sciences;Session-Based;AP Chemistry;M
Grade 12;Sciences;Session-Based;AP Chemistry;M
Grade 9;Sciences;Session-Based;AP Physics B;M
Grade 10;Sciences;Session-Based;AP Physics B;M
Grade 11;Sciences;Session-Based;AP Physics B;M
Grade 12;Sciences;Session-Based;AP Physics B;M
Grade 7;Visual Fluency;Session-Based;Visual Literacy Coming in Spring 2012!;V
Grade 8;Visual Fluency;Session-Based;Visual Literacy Coming in Spring 2012!;V
Grade 9;Visual Fluency;Session-Based;Visual Literacy Coming in Spring 2012!;V
Grade 10;Visual Fluency;Session-Based;Visual Literacy Coming in Spring 2012!;V
Grade 11;Visual Fluency;Session-Based;Visual Literacy Coming in Spring 2012!;V
Grade 12;Visual Fluency;Session-Based;Visual Literacy Coming in Spring 2012!;V
Grade 7;Visual Fluency;Session-Based;Visual Communication Coming in Spring 2012!;V
Grade 8;Visual Fluency;Session-Based;Visual Communication Coming in Spring 2012!;V
Grade 9;Visual Fluency;Session-Based;Visual Communication Coming in Spring 2012!;V
Grade 10;Visual Fluency;Session-Based;Visual Communication Coming in Spring 2012!;V
Grade 11;Visual Fluency;Session-Based;Visual Communication Coming in Spring 2012!;V
Grade 12;Visual Fluency;Session-Based;Visual Communication Coming in Spring 2012!;V
Grade 7;Writing;Session-Based;Crafting the Essay;V
Grade 8;Writing;Session-Based;Crafting the Essay;V
Grade 9;Writing;Session-Based;Crafting the Essay;V
Grade 10;Writing;Session-Based;Crafting the Essay;V
Grade 11;Writing;Session-Based;Crafting the Essay;V
Grade 12;Writing;Session-Based;Crafting the Essay;V
Grade 8;Writing;Flexi-Paced;Writing Analysis and Persuasion;V
Grade 9;Writing;Flexi-Paced;Writing Analysis and Persuasion;V
Grade 10;Writing;Flexi-Paced;Writing Analysis and Persuasion;V
Grade 11;Writing;Flexi-Paced;Writing Analysis and Persuasion;V
Grade 12;Writing;Flexi-Paced;Writing Analysis and Persuasion;V
Grade 8;Writing;Session-Based;Crafting Poetry;V
Grade 9;Writing;Session-Based;Crafting Poetry;V
Grade 10;Writing;Session-Based;Crafting Poetry;V
Grade 11;Writing;Session-Based;Crafting Poetry;V
Grade 12;Writing;Session-Based;Crafting Poetry;V
Grade 8;Writing;Session-Based;Crafting Fiction;V
Grade 9;Writing;Session-Based;Crafting Fiction;V
Grade 10;Writing;Session-Based;Crafting Fiction;V
Grade 11;Writing;Session-Based;Crafting Fiction;V
Grade 12;Writing;Session-Based;Crafting Fiction;V
Grade 9;Writing;Session-Based;AP English Language & Composition;V
Grade 10;Writing;Session-Based;AP English Language & Composition;V
Grade 11;Writing;Session-Based;AP English Language & Composition;V
Grade 12;Writing;Session-Based;AP English Language & Composition;V