ParentUSI,PersonalTitlePrefix,Verification,FirstName,MiddleName,LastSurname,GenerationCodeSuffix,MaidenName,Sex
777790,Ms,State-issued ID,Gabrielle,,Jimenez,,,Female
777793,Ms,Passport,Gwendolyn,,Hartman,,,Female
777939,Mrs,Other non-official document,Randi,,Owen,,,Female
778011,Ms,Other official document,Jimmie,,Mathews,,,Female
778076,Mrs,Passport,Margie,,Ortiz,,,Female
778161,Ms,Immigration document/visa,Jody,,Pratt,,,Female
778167,Mrs,Physicians certificate,Madelyn,,Woods,,,Female
778190,Mrs,Immigration document/visa,Sherri,,Lloyd,,,Female
778202,Ms,Other,Carissa,,Gross,,,Female
778222,Ms,State-issued ID,Allie,,Orozco,,,Female
778223,Mrs,Entry in family Bible,Eliza,,Coleman,,,Female
778276,Ms,Entry in family Bible,Ella,,Beard,,,Female
778286,Ms,Other,Selma,,Randolph,,,Female
778393,Ms,Drivers license,Carmen,,Dyer,,,Female
778414,Mr,Other official document,Clyde,,Jimenez,,,Male
778417,Mr,Other,James,,Hartman,,,Male
778563,Mr,Previously verified school records,Derek,,Owen,,,Male
778635,Mr,State-issued ID,Ricardo,,Mathews,,,Male
778700,Mr,Passport,Tracy,,Ortiz,,,Male
778785,Mr,Other official document,Bill,,Pratt,,,Male
778791,Mr,Life insurance policy,Arthur,,Woods,,,Male
778814,Mr,State-issued ID,Sam,,Lloyd,,,Male
778826,Mr,Physicians certificate,Jesus,,Gross,,,Male
778846,Mr,Hospital certificate,Duane,,Orozco,,,Male
778847,Mr,State-issued ID,Nelson,,Coleman,,,Male
778900,Mr,Baptismal or church certificate,Maurice,,Beard,,,Male
778910,Mr,Drivers license,Rene,,Randolph,,,Male
779017,Mr,Baptismal or church certificate,Manuel,,Dyer,,,Male
779025,Ms,Hospital certificate,Hilary,,Shelton,,,Female
779026,Ms,Other official document,Yolanda,,Mac Donald,,,Female
779027,Ms,Other non-official document,Laura,,Jackson,,,Female
779028,Ms,Entry in family Bible,Kate,,Holt,,,Female
779029,Ms,Other,Araceli,,Combs,,,Female
779030,Ms,Hospital certificate,Mary,,Blevins,,,Female